bucket,variant,customers,M0_total,M0_per_cust,M0_diff,M1_total,M1_per_cust,M1_diff,M2_total,M2_per_cust,M2_diff,M3_total,M3_per_cust,M3_diff,M4_total,M4_per_cust,M4_diff
OTP,Before,6643,631116,95.0,-0.004,720052,108.39,0.0345,842899,126.89,0.0932,908322,136.73,0.1056,984228,148.16,0.1335
OTP,After ch.1,6643,631116,95.0,-0.004,684626,103.06,-0.0164,751707,113.16,-0.0251,780419,117.48,-0.0501,812197,122.26,-0.0646
OTP,After ch.1+2,6676,648130,97.08,0.0178,709580,106.29,0.0144,786205,117.77,0.0146,822736,123.24,-0.0035,859749,128.78,-0.0147
OTP,Client,6599.0,629454,95.39,0.0,691441,104.78,0.0,765922,116.07,0.0,816112,123.67,0.0,862524,130.71,0.0
Subscription,Before,4577,462369,101.02,-0.0153,607617,132.75,-0.0648,775627,169.46,-0.1121,907982,198.38,-0.1288,999348,218.34,-0.1513
Subscription,After ch.1,4577,462369,101.02,-0.0153,643044,140.49,-0.0103,866820,189.39,-0.0077,1035886,226.32,-0.0061,1171379,255.93,-0.0053
Subscription,After ch.1+2,4577,462369,101.02,-0.0153,643044,140.49,-0.0103,866820,189.39,-0.0077,1035886,226.32,-0.0061,1171379,255.93,-0.0053
Subscription,Client,4608.0,472736,102.59,0.0,654127,141.95,0.0,879468,190.86,0.0,1049322,227.72,0.0,1185549,257.28,0.0
All customers,Before,11220,1093484,97.46,-0.009,1327669,118.33,-0.0144,1618527,144.25,-0.0175,1816305,161.88,-0.0275,1983576,176.79,-0.0326
All customers,After ch.1,11220,1093484,97.46,-0.009,1327669,118.33,-0.0144,1618527,144.25,-0.0175,1816305,161.88,-0.0275,1983576,176.79,-0.0326
All customers,After ch.1+2,11253,1110498,98.68,0.0034,1352623,120.2,0.0011,1653025,146.9,0.0005,1858622,165.17,-0.0077,2031129,180.5,-0.0123
All customers,Client,11207.0,1102190,98.35,0.0,1345567,120.06,0.0,1645391,146.82,0.0,1865434,166.45,0.0,2048073,182.75,0.0
