All customers	2025-09	7920	93.89	110.31	135.46	152.37	167.15	180.38	196.81	209.82	225.48	235.6	245.79
All customers	2025-10	7704	94.87	117.71	135.22	152.94	167.35	183.12	197.53	212.61	222.7	234.59	244.44
All customers	2025-11	11977	100.17	116.27	134.55	153.43	170.69	184.17	202.58	212.91	225.06	236.43	246.32
All customers	2025-12	9094	97.87	113.23	128.4	147.92	161.55	177.74	188.41	199.32	209.58	219.41
All customers	2026-01	12292	93.06	107.75	128.58	149.19	168.23	178.73	192.61	202.79	212.6
All customers	2026-02	11886	95.69	115.88	135.94	159.76	173.05	185.67	199.59	210.21
All customers	2026-03	11220	97.45	118.33	144.25	161.88	176.79	190.12	203.17
All customers	2026-04	11165	97.9	124.63	143.07	163.05	178.08	190.01
All customers	2026-05	15938	98.72	115.81	135.64	156.31	169.49
All customers	2026-06	8985	98.64	118.09	137.9	155.76
All customers	2026-07	10850	100.63	120.01	139.16
OTP	2025-09	4767	92.5	103.96	122.88	133.84	144.76	154.99	166.25	176.16	188.16	195.8	203.64
OTP	2025-10	4641	93.03	111.61	123.02	134.36	145.13	155.05	164.14	175.55	182.09	190.59	197.1
OTP	2025-11	6704	95.95	107.91	119.65	130.08	141.8	151.96	164.51	171.56	180.49	188.49	195.45
OTP	2025-12	5956	95.42	105.77	116.35	127.42	137.28	149.57	156.61	165.19	172.28	179.11
OTP	2026-01	6929	90.53	101.08	113.37	123.68	136.49	143.83	152.03	158.95	165.68
OTP	2026-02	6694	94.28	106.85	119.05	134.54	143.49	152.48	160.87	168.34
OTP	2026-03	6643	95.0	108.39	126.89	136.73	148.16	158.01	166.73
OTP	2026-04	6687	94.24	112.97	125.36	137.69	148.31	156.63
OTP	2026-05	8173	95.99	104.15	114.42	123.91	132.43
OTP	2026-06	5526	94.9	105.35	117.13	126.34
OTP	2026-07	6413	98.05	110.01	121.16
Subscription	2025-09	3153	95.98	119.91	154.47	180.39	201.0	218.78	243.02	260.7	281.9	295.77	309.51
Subscription	2025-10	3063	97.67	126.95	153.7	181.09	201.01	225.66	248.13	268.78	284.22	301.26	316.17
Subscription	2025-11	5273	105.54	126.89	153.49	183.12	207.42	225.12	250.99	265.48	281.72	297.38	310.99
Subscription	2025-12	3138	102.53	127.39	151.28	186.84	207.6	231.2	248.78	264.1	280.39	295.91
Subscription	2026-01	5363	96.33	116.37	148.23	182.15	209.23	223.82	245.04	259.43	273.23
Subscription	2026-02	5192	97.51	127.52	157.72	192.28	211.16	228.45	249.51	264.19
Subscription	2026-03	4577	101.01	132.75	169.46	198.38	218.34	236.72	256.07
Subscription	2026-04	4478	103.38	142.06	169.53	200.93	222.53	239.86
Subscription	2026-05	7765	101.59	128.08	157.97	190.4	208.49
Subscription	2026-06	3459	104.61	138.43	171.08	202.76
Subscription	2026-07	4437	104.36	134.46	165.18
