All customers	2025-09	7945	92.88980239	109.2581913	134.4189805	151.228331	165.9129616	179.0687212	195.4255909	208.4516224	224.0902354	234.4451643	244.7189037
All customers	2025-10	7757	93.58246358	116.2646371	133.857169	151.5381604	165.8278484	181.5058399	195.741877	210.6028478	220.576157	232.4624223
All customers	2025-11	11950	99.84738912	115.9622243	134.197231	153.2141515	170.469036	183.8624059	202.3255531	212.7203707	224.8946527
All customers	2025-12	9056	97.8732023	113.3810479	128.7157906	148.3401424	162.0841409	178.4198333	189.097712	200.1473609
All customers	2026-01	12255	92.98071889	107.8431677	128.9879111	149.8797813	169.15702	180.0422285	194.0367311
All customers	2026-02	11963	95.057784	115.203714	135.327188	159.0452428	172.4782329	185.4053348
All customers	2026-03	11207	98.34834746	120.0648907	146.8181056	166.4525761	182.7494566
All customers	2026-04	11145	98.4922297	125.6861328	143.6859282	163.8259417
All customers	2026-05	15934	99.61277143	117.2355065	139.2069336
All customers	2026-06	8978	99.6608053	120.0241412
All customers	2026-07	10832	101.9177206
OTP	2025-09	4807	90.62231121	97.26528188	107.2642813	112.094042	116.1993031	120.2562222	123.9518036	126.864146	130.5286811	132.6220075	134.786062
OTP	2025-10	4678	90.42786447	102.6423343	109.4862292	114.9926892	119.9567465	123.8893758	126.627578	130.7604382	132.6702758	135.4952416
OTP	2025-11	6676	94.18704614	102.9185231	109.2991087	114.8393214	120.1615129	124.1814799	129.1226648	131.4143694	134.7352007
OTP	2025-12	5940	94.74573906	100.5904562	106.0014343	110.5965657	114.1523182	118.4902828	120.463665	123.0067542
OTP	2026-01	6902	89.62524196	96.15848884	103.0960287	108.1027644	114.1196841	117.2070719	120.261885
OTP	2026-02	6761	92.6259858	100.2615841	107.6074619	115.0565257	118.9863378	123.1475654
OTP	2026-03	6599	95.3863252	104.7795969	116.0663858	123.6721094	130.7052644
OTP	2026-04	6637	94.1208995	105.6088157	112.0478303	118.5014736
OTP	2026-05	8081	96.32855216	102.5448534	109.2826729
OTP	2026-06	5486	95.35924353	103.2586365
OTP	2026-07	6385	99.29728739
Subscription	2025-09	3138	96.36329828	127.6297387	176.0163799	211.1768738	242.067696	269.161673	304.9139579	333.4328203	367.4141332	390.4247419	413.1214436
Subscription	2025-10	3079	98.37532316	136.9613348	170.8845339	207.0625885	235.5209354	269.0439428	300.7489217	331.9093732	354.1337122	379.7870315
Subscription	2025-11	5274	107.0124346	132.4733637	165.7140804	201.7902541	234.1499279	259.4084547	294.9881399	315.6401403	339.0214069
Subscription	2025-12	3116	103.8350546	137.7636264	172.0159435	220.2903498	253.4561008	292.6629429	319.9341175	347.1997368
Subscription	2026-01	5353	97.30717168	122.9090473	162.372139	203.7458322	240.1205343	261.0600224	289.1598375
Subscription	2026-02	5202	98.2183737	134.623887	171.354306	216.2170454	242.0012438	266.321286
Subscription	2026-03	4608	102.5901845	141.9545725	190.8568641	227.717398	257.280625
Subscription	2026-04	4508	104.9280146	155.2453949	190.2657986	230.5558651
Subscription	2026-05	7853	102.9923431	132.3526805	166.261183
Subscription	2026-06	3492	106.4186426	146.3630756
Subscription	2026-07	4447	105.6801372
